"flag","cell","row","col","lon","lat","depth_bm","water_frac","depth_sug"
"mostly_land_remove?",3930,71,10,-77.1069,37.2717,0.16,0.005,0.32
"mostly_land_remove?",3945,71,25,-76.6081,37.2717,2.38,0.019,0.58
"mostly_land_remove?",2173,39,45,-75.943,38.3323,0.12,0.026,0.57
"mostly_land_remove?",4622,83,30,-76.4418,36.874,0.99,0.026,0.72
"mostly_land_remove?",4290,77,34,-76.3088,37.0729,0.38,0.032,0.29
"mostly_land_remove?",4730,85,26,-76.5748,36.8077,0.22,0.04,1.02
"mostly_land_remove?",1884,34,36,-76.2423,38.498,0.44,0.041,0.55
"mostly_land_remove?",3888,70,24,-76.6413,37.3049,1.59,0.042,0.7
"mostly_land_remove?",2099,38,27,-76.5416,38.3654,1.72,0.043,5.12
"mostly_land_remove?",1271,23,39,-76.1425,38.8626,0.13,0.051,2.18
"mostly_land_remove?",2874,52,18,-76.8409,37.9014,0.53,0.056,0.37
"mostly_land_remove?",1439,26,39,-76.1425,38.7631,0.12,0.058,2.19
"mostly_land_remove?",4575,82,39,-76.1425,36.9071,1.52,0.06,2.28
"mostly_land_remove?",2736,49,48,-75.8432,38.0009,0.45,0.063,0.6
"mostly_land_remove?",1595,29,27,-76.5416,38.6637,2.06,0.066,1.66
"mostly_land_remove?",1669,30,45,-75.943,38.6306,0.99,0.07,1.74
"mostly_land_remove?",319,6,39,-76.1425,39.426,0.48,0.072,1.53
"mostly_land_remove?",2792,50,48,-75.8432,37.9677,0.1,0.075,0.45
"mostly_land_remove?",41,1,41,-76.076,39.5917,0.1,0.076,4.44
"mostly_land_remove?",4568,82,32,-76.3753,36.9071,2.87,0.076,2.93
"mostly_land_remove?",3671,66,31,-76.4086,37.4374,0.08,0.077,1.27
"mostly_land_remove?",3217,58,25,-76.6081,37.7026,1.69,0.078,1.06
"mostly_land_remove?",4047,73,15,-76.9406,37.2054,5.64,0.078,4.79
"mostly_land_remove?",3276,59,28,-76.5083,37.6694,1.22,0.079,1.01
"mostly_land_remove?",3989,72,13,-77.0071,37.2386,0.11,0.082,0.69
"mostly_land_remove?",4223,76,23,-76.6746,37.106,1.11,0.084,1.36
"mostly_land_remove?",4175,75,31,-76.4086,37.1391,0.91,0.091,1.72
"mostly_land_remove?",3336,60,32,-76.3753,37.6363,5.93,0.093,6.51
"mostly_land_remove?",1995,36,35,-76.2755,38.4317,0.63,0.095,1.25
"mostly_land_remove?",4003,72,27,-76.5416,37.2386,11.17,0.098,5.28
"mostly_land_remove?",380,7,44,-75.9762,39.3929,0.86,0.1,3.65
"mostly_land_remove?",2647,48,15,-76.9406,38.034,0.15,0.1,0.91
"mostly_land_remove?",935,17,39,-76.1425,39.0614,0.35,0.102,0.93
"mostly_land_remove?",215,4,47,-75.8765,39.4923,0.39,0.104,2
"mostly_land_remove?",2552,46,32,-76.3753,38.1003,2.2,0.104,1.3
"mostly_land_remove?",2053,37,37,-76.209,38.3986,0.36,0.105,0.78
"mostly_land_remove?",4062,73,30,-76.4418,37.2054,7.37,0.106,1.75
"mostly_land_remove?",2156,39,28,-76.5083,38.3323,5.41,0.108,2.89
"mostly_land_remove?",2545,46,25,-76.6081,38.1003,1.91,0.108,1.41
"mostly_land_remove?",530,10,26,-76.5748,39.2934,0.55,0.11,4.89
"mostly_land_remove?",4514,81,34,-76.3088,36.9403,1.53,0.112,1.92
"mostly_land_remove?",1552,28,40,-76.1093,38.6969,0.1,0.113,0.94
"mostly_land_remove?",4451,80,27,-76.5416,36.9734,1.6,0.113,0.8
"mostly_land_remove?",1188,22,12,-77.0404,38.8957,0.39,0.114,2.11
"mostly_land_remove?",529,10,25,-76.6081,39.2934,0.72,0.115,3.31
"mostly_land_remove?",4061,73,29,-76.4751,37.2054,6.97,0.116,2.18
"mostly_land_remove?",1316,24,28,-76.5083,38.8294,0.49,0.117,0.87
"mostly_land_remove?",3573,64,45,-75.943,37.5037,0.67,0.12,1.58
"mostly_land_remove?",4335,78,23,-76.6746,37.0397,3.29,0.121,2.1
"mostly_land_remove?",2041,37,25,-76.6081,38.3986,3.94,0.129,3.34
"mostly_land_remove?",1717,31,37,-76.209,38.5974,0.22,0.13,0.82
"mostly_land_remove?",1927,35,23,-76.6746,38.4649,0.11,0.131,0.29
"mostly_land_remove?",646,12,30,-76.4418,39.2271,1.96,0.132,2.17
"mostly_land_remove?",2170,39,42,-76.0428,38.3323,0.04,0.132,1.4
"mostly_land_remove?",2110,38,38,-76.1758,38.3654,0.89,0.136,1.03
"mostly_land_remove?",2743,49,55,-75.6105,38.0009,0.07,0.136,0.67
"mostly_land_remove?",699,13,27,-76.5416,39.194,1.85,0.137,2.41
"mostly_land_remove?",2487,45,23,-76.6746,38.1334,1.49,0.138,1.99
"mostly_land_remove?",4398,79,30,-76.4418,37.0066,2.9,0.14,5.07
"mostly_land_remove?",4176,75,32,-76.3753,37.1391,0.85,0.141,0.72
"mostly_land_remove?",2145,39,17,-76.8741,38.3323,1.38,0.143,2.41
"mostly_land_remove?",708,13,36,-76.2423,39.194,2.27,0.144,8.82
"mostly_land_remove?",868,16,28,-76.5083,39.0946,2.27,0.147,3.42
"mostly_land_remove?",2400,43,48,-75.8432,38.1997,1.19,0.147,1.06
"mostly_land_remove?",3432,62,16,-76.9074,37.57,0.6,0.147,2.85
"mostly_land_remove?",2817,51,17,-76.8741,37.9346,2.17,0.148,1.77
"mostly_land_remove?",764,14,36,-76.2423,39.1609,0.65,0.151,0.72
"mostly_land_remove?",2570,46,50,-75.7767,38.1003,0.08,0.151,0.69
"mostly_land_remove?",3604,65,20,-76.7743,37.4706,0.88,0.151,1.61
"mostly_land_remove?",2196,40,12,-77.0404,38.2991,1.03,0.159,1.89
"mostly_land_remove?",479,9,31,-76.4086,39.3266,1.03,0.164,1.27
"mostly_land_remove?",3838,69,30,-76.4418,37.338,0.57,0.164,1.79
"mostly_land_remove?",4574,82,38,-76.1758,36.9071,1.37,0.167,4.06
"mostly_land_remove?",4739,85,35,-76.2755,36.8077,1.27,0.167,5.25
"mostly_land_remove?",2609,47,33,-76.342,38.0671,0.63,0.168,1.34
"mostly_land_remove?",4515,81,35,-76.2755,36.9403,1.83,0.169,3.29
"mostly_land_remove?",4508,81,28,-76.5083,36.9403,0.28,0.17,1
"mostly_land_remove?",534,10,30,-76.4418,39.2934,0.48,0.171,1.56
"mostly_land_remove?",4683,84,35,-76.2755,36.8409,3.08,0.172,5.39
"mostly_land_remove?",2988,54,20,-76.7743,37.8351,2.06,0.176,1.82
"mostly_land_remove?",1539,28,27,-76.5416,38.6969,1.52,0.177,1.19
"mostly_land_remove?",2436,44,28,-76.5083,38.1666,0.16,0.177,1.4
"mostly_land_remove?",2345,42,49,-75.81,38.2329,0.59,0.178,0.74
"mostly_land_remove?",4165,75,21,-76.7411,37.1391,2,0.178,1.86
"mostly_land_remove?",3330,60,26,-76.5748,37.6363,2.6,0.181,2.34
"mostly_land_remove?",3796,68,44,-75.9762,37.3711,0.99,0.182,1.19
"mostly_land_remove?",3670,66,30,-76.4418,37.4374,0.51,0.185,1.16
"mostly_land_remove?",922,17,26,-76.5748,39.0614,2.96,0.187,3.73
"mostly_land_remove?",1204,22,28,-76.5083,38.8957,2.76,0.191,1.94
"mostly_land_remove?",2288,41,48,-75.8432,38.266,0.74,0.191,2.13
"mostly_land_remove?",769,14,41,-76.076,39.1609,1.31,0.192,3.27
"mostly_land_remove?",3726,67,30,-76.4418,37.4043,0.51,0.193,2.57
"mostly_land_remove?",1091,20,27,-76.5416,38.962,0.74,0.195,3.4
"mostly_land_remove?",3933,71,13,-77.0071,37.2717,3.63,0.195,5.52
"mostly_land_remove?",4177,75,33,-76.342,37.1391,0.24,0.195,0.59
"mostly_land_remove?",2290,41,50,-75.7767,38.266,0.49,0.197,1.57
"mostly_land_remove?",1259,23,27,-76.5416,38.8626,1.74,0.198,1.73
"mostly_land_remove?",1101,20,37,-76.209,38.962,1.2,0.199,1.04
"mostly_land_remove?",3825,69,17,-76.8741,37.338,0.52,0.201,2.2
"mostly_land_remove?",1898,34,50,-75.7767,38.498,0.34,0.202,1.91
"mostly_land_remove?",2310,42,14,-76.9739,38.2329,0.9,0.202,1.41
"mostly_land_remove?",1098,20,34,-76.3088,38.962,0.18,0.203,1.05
"mostly_land_remove?",824,15,40,-76.1093,39.1277,3.2,0.204,4.31
"mostly_land_remove?",2008,36,48,-75.8432,38.4317,0.75,0.206,2.94
"mostly_land_remove?",2715,49,27,-76.5416,38.0009,0.55,0.206,1.82
"mostly_land_remove?",2534,46,14,-76.9739,38.1003,0.12,0.207,2.66
"mostly_land_remove?",2025,37,9,-77.1401,38.3986,5.35,0.212,5.47
"mostly_land_remove?",4682,84,34,-76.3088,36.8409,3.65,0.212,7.57
"mostly_land_remove?",823,15,39,-76.1425,39.1277,0.74,0.214,1.95
"mostly_land_remove?",869,16,29,-76.4751,39.0946,2.99,0.216,2.25
"mostly_land_remove?",3757,68,5,-77.2732,37.3711,0.08,0.217,1.39
"mostly_land_remove?",1938,35,34,-76.3088,38.4649,1.54,0.218,1.49
"mostly_land_remove?",2990,54,22,-76.7078,37.8351,0.66,0.22,2.16
"mostly_land_remove?",4564,82,28,-76.5083,36.9071,0.33,0.221,0.78
"mostly_land_remove?",1496,27,40,-76.1093,38.73,0.38,0.222,1.69
"mostly_land_remove?",1323,24,35,-76.2755,38.8294,4.19,0.226,1.95
"mostly_land_remove?",1607,29,39,-76.1425,38.6637,1.43,0.226,1.88
"mostly_land_remove?",3490,63,18,-76.8409,37.5369,0.52,0.228,3.36
"mostly_land_remove?",4135,74,47,-75.8765,37.1723,0.01,0.229,0.26
"mostly_land_remove?",2417,44,9,-77.1401,38.1666,0.72,0.231,1.6
"mostly_land_remove?",4578,82,42,-76.0428,36.9071,6.84,0.231,2.84
"mostly_land_remove?",1215,22,39,-76.1425,38.8957,0.13,0.232,1.84
"mostly_land_remove?",1382,25,38,-76.1758,38.7963,0.7,0.233,1.95
"mostly_land_remove?",1876,34,28,-76.5083,38.498,5.22,0.233,4.9
"mostly_land_remove?",4516,81,36,-76.2423,36.9403,3.34,0.233,6.43
"mostly_land_remove?",2101,38,29,-76.4751,38.3654,6.16,0.235,5.58
"mostly_land_remove?",2158,39,30,-76.4418,38.3323,1.74,0.235,3.83
"mostly_land_remove?",3433,62,17,-76.8741,37.57,1.82,0.236,3.15
"mostly_land_remove?",2450,44,42,-76.0428,38.1666,0.61,0.237,0.76
"mostly_land_remove?",2009,36,49,-75.81,38.4317,1.09,0.239,2.1
"mostly_land_remove?",4626,83,34,-76.3088,36.874,2.96,0.239,6.54
"mostly_land_remove?",3503,63,31,-76.4086,37.5369,1.11,0.24,4.46
"mostly_land_remove?",2120,38,48,-75.8432,38.3654,2.34,0.244,1.93
"mostly_land_remove?",2681,48,49,-75.81,38.034,0.36,0.245,0.88
"mostly_land_remove?",3003,54,35,-76.2755,37.8351,0.4,0.247,1.48
"mostly_land_remove?",2847,51,47,-75.8765,37.9346,0.58,0.25,0.35
"mostly_land_remove?",3756,68,4,-77.3064,37.3711,0.52,0.25,1.47
"mostly_land_remove?",370,7,34,-76.3088,39.3929,1.9,0.251,1.98
"mostly_land_remove?",825,15,41,-76.076,39.1277,0.44,0.251,3.7
"mostly_land_remove?",480,9,32,-76.3753,39.3266,0.13,0.254,1.04
"mostly_land_remove?",1779,32,43,-76.0095,38.5643,2.09,0.254,3.02
"mostly_land_remove?",1830,33,38,-76.1758,38.5311,0.32,0.259,0.93
"mostly_land_remove?",3718,67,22,-76.7078,37.4043,3.36,0.259,3.07
"mostly_land_remove?",1741,32,5,-77.2732,38.5643,1.4,0.26,3.4
"mostly_land_remove?",2686,48,54,-75.6437,38.034,0.08,0.26,0.65
"mostly_land_remove?",4279,77,23,-76.6746,37.0729,3.21,0.263,2.53
"mostly_land_remove?",3633,65,49,-75.81,37.4706,0.06,0.264,0.09
"mostly_land_remove?",2760,50,16,-76.9074,37.9677,1.28,0.265,2.42
"mostly_land_remove?",2135,39,7,-77.2067,38.3323,0.03,0.267,6.92
"mostly_land_remove?",158,3,46,-75.9097,39.5254,0.8,0.269,3.44
"mostly_land_remove?",1953,35,49,-75.81,38.4649,0.71,0.269,2.02
"mostly_land_remove?",1774,32,38,-76.1758,38.5643,0.48,0.272,0.93
"mostly_land_remove?",2854,51,54,-75.6437,37.9346,0.81,0.274,1.42
"mostly_land_remove?",2076,38,4,-77.3064,38.3654,1.54,0.275,2.56
"mostly_land_remove?",2514,45,50,-75.7767,38.1334,0.74,0.275,0.72
"mostly_land_remove?",379,7,43,-76.0095,39.3929,3.78,0.276,3.86
"mostly_land_remove?",1149,21,29,-76.4751,38.9289,1.71,0.276,1.44
"mostly_land_remove?",1984,36,24,-76.6413,38.4317,3.53,0.276,1.57
"mostly_land_remove?",2289,41,49,-75.81,38.266,0.56,0.277,1.66
"mostly_land_remove?",2793,50,49,-75.81,37.9677,0.27,0.277,0.96
"mostly_land_remove?",1551,28,39,-76.1425,38.6969,1.87,0.278,3.03
"mostly_land_remove?",3413,61,53,-75.677,37.6031,0.07,0.279,0.08
"mostly_land_remove?",3963,71,43,-76.0095,37.2717,1.39,0.281,1.71
"mostly_land_remove?",1798,33,6,-77.2399,38.5311,1.29,0.282,2.62
"mostly_land_remove?",2591,47,15,-76.9406,38.0671,0.75,0.282,2.94
"mostly_land_remove?",3462,62,46,-75.9097,37.57,0.22,0.283,0.85
"mostly_land_remove?",3932,71,12,-77.0404,37.2717,1.91,0.288,5.09
"mostly_land_remove?",2384,43,32,-76.3753,38.1997,1,0.29,4.45
"mostly_land_remove?",597,11,37,-76.209,39.2603,2.56,0.291,3.11
"mostly_land_remove?",1435,26,35,-76.2755,38.7631,0.74,0.291,1.19
"mostly_land_remove?",2320,42,24,-76.6413,38.2329,0.84,0.293,3.94
"mostly_land_remove?",2819,51,19,-76.8076,37.9346,0.44,0.296,1.76
"mostly_land_remove?",4621,83,29,-76.4751,36.874,2.6,0.296,2.03
"mostly_land_remove?",1097,20,33,-76.342,38.962,2.08,0.298,2.34
"mostly_land_remove?",2056,37,40,-76.1093,38.3986,0.01,0.3,0.08
"mostly_land_remove?",4692,84,44,-75.9762,36.8409,2.21,0.303,6.57
"mostly_land_remove?",2058,37,42,-76.0428,38.3986,0,0.304,0.05
"mostly_land_remove?",642,12,26,-76.5748,39.2271,3.2,0.305,5.76
"mostly_land_remove?",3407,61,47,-75.8765,37.6031,0.64,0.306,1.3
"mostly_land_remove?",3745,67,49,-75.81,37.4043,0.08,0.306,0.09
"mostly_land_remove?",1037,19,29,-76.4751,38.9951,2.79,0.307,4.35
"mostly_land_remove?",1495,27,39,-76.1425,38.73,1.2,0.307,2.89
"mostly_land_remove?",1524,28,12,-77.0404,38.6969,2.45,0.307,3.28
"mostly_land_remove?",98,2,42,-76.0428,39.5586,0.65,0.308,1.5
"mostly_land_remove?",1499,27,43,-76.0095,38.73,0.59,0.309,2.08
"mostly_land_remove?",2143,39,15,-76.9406,38.3323,2.15,0.309,3.58
"mostly_land_remove?",3296,59,48,-75.8432,37.6694,0.94,0.309,1.29
"mostly_land_remove?",3547,64,19,-76.8076,37.5037,3.34,0.312,1.9
"mostly_land_remove?",822,15,38,-76.1758,39.1277,1.58,0.314,2.28
"mostly_land_remove?",4167,75,23,-76.6746,37.1391,2.34,0.316,1.94
"mostly_land_remove?",2263,41,23,-76.6746,38.266,0.64,0.317,4.2
"mostly_land_remove?",3937,71,17,-76.8741,37.2717,0.63,0.317,2.81
"mostly_land_remove?",3337,60,33,-76.342,37.6363,0.27,0.319,0.9
"mostly_land_remove?",1843,33,51,-75.7435,38.5311,0.99,0.32,1.43
"mostly_land_remove?",923,17,27,-76.5416,39.0614,3.61,0.321,5.71
"mostly_land_remove?",2367,43,15,-76.9406,38.1997,2.05,0.321,3.02
"mostly_land_remove?",1556,28,44,-75.9762,38.6969,0.65,0.322,3.01
"mostly_land_remove?",3429,62,13,-77.0071,37.57,0.47,0.322,1.38
"mostly_land_remove?",260,5,36,-76.2423,39.4591,0.94,0.324,1.36
"mostly_land_remove?",1971,36,11,-77.0736,38.4317,2.1,0.325,2.27
"mostly_land_remove?",2281,41,41,-76.076,38.266,0.6,0.325,0.75
"mostly_land_remove?",4289,77,33,-76.342,37.0729,0.77,0.325,1.21
"mostly_land_remove?",1549,28,37,-76.209,38.6969,0.7,0.326,1.85
"mostly_land_remove?",587,11,27,-76.5416,39.2603,5.04,0.33,9.04
"mostly_land_remove?",2215,40,31,-76.4086,38.2991,6.46,0.331,6.15
"mostly_land_remove?",877,16,37,-76.209,39.0946,0.08,0.332,1.88
"mostly_land_remove?",542,10,38,-76.1758,39.2934,3.16,0.336,2.85
"mostly_land_remove?",3729,67,33,-76.342,37.4043,0.64,0.336,2.31
"mostly_land_remove?",2229,40,45,-75.943,38.2991,0.15,0.337,2.13
"mostly_land_remove?",2382,43,30,-76.4418,38.1997,1.85,0.338,3.58
"mostly_land_remove?",2933,53,21,-76.7411,37.8683,0.7,0.338,1.82
"mostly_land_remove?",2475,45,11,-77.0736,38.1334,0.86,0.339,1.89
"mostly_land_remove?",3491,63,19,-76.8076,37.5369,1.74,0.339,2.83
"mostly_land_remove?",2648,48,16,-76.9074,38.034,0.33,0.341,3.18
"mostly_land_remove?",1493,27,37,-76.209,38.73,1.12,0.342,1.75
"mostly_land_remove?",4675,84,27,-76.5416,36.8409,0.04,0.342,1.55
"mostly_land_remove?",2603,47,27,-76.5416,38.0671,5.13,0.343,3.97
"mostly_land_remove?",1300,24,12,-77.0404,38.8294,0.45,0.344,3.03
"mostly_land_remove?",870,16,30,-76.4418,39.0946,3.57,0.345,2.41
"mostly_land_remove?",3873,70,9,-77.1401,37.3049,2.69,0.346,4.11
"mostly_land_remove?",2909,52,53,-75.677,37.9014,0.78,0.347,0.75
"mostly_land_remove?",1214,22,38,-76.1758,38.8957,1.02,0.353,3.31
"mostly_land_remove?",4570,82,34,-76.3088,36.9071,0.81,0.353,1.45
"mostly_land_remove?",1933,35,29,-76.4751,38.4649,3.09,0.354,4.68
"mostly_land_remove?",2079,38,7,-77.2067,38.3654,3.11,0.355,5.95
"mostly_land_remove?",3045,55,21,-76.7411,37.802,3.04,0.355,2.27
"mostly_land_remove?",1483,27,27,-76.5416,38.73,2.94,0.356,3.02
"mostly_land_remove?",2089,38,17,-76.8741,38.3654,0.6,0.356,1.51
"mostly_land_remove?",2133,39,5,-77.2732,38.3323,3.07,0.357,2.65
"mostly_land_remove?",1723,31,43,-76.0095,38.5974,1.86,0.359,4.12
"mostly_land_remove?",265,5,41,-76.076,39.4591,0.61,0.36,1.04
"mostly_land_remove?",3351,60,47,-75.8765,37.6363,0.8,0.361,0.9
"mostly_land_remove?",1772,32,36,-76.2423,38.5643,0.21,0.368,0.78
"mostly_land_remove?",820,15,36,-76.2423,39.1277,3.65,0.369,2.21
"mostly_land_remove?",483,9,35,-76.2755,39.3266,0.99,0.37,2.43
"mostly_land_remove?",2441,44,33,-76.342,38.1666,3.5,0.37,4.18
"mostly_land_remove?",1722,31,42,-76.0428,38.5974,3.45,0.372,2.44
"mostly_land_remove?",2119,38,47,-75.8765,38.3654,0.34,0.378,2.64
"mostly_land_remove?",2427,44,19,-76.8076,38.1666,3.11,0.378,6.08
"mostly_land_remove?",3021,54,53,-75.677,37.8351,0.57,0.378,1.31
"mostly_land_remove?",2051,37,35,-76.2755,38.3986,2.75,0.379,1.94
"mostly_land_remove?",2224,40,40,-76.1093,38.2991,0.68,0.38,0.92
"mostly_land_remove?",1244,23,12,-77.0404,38.8626,1.42,0.383,2.65
"mostly_land_remove?",2453,44,45,-75.943,38.1666,2.03,0.385,1.35
"mostly_land_remove?",1632,30,8,-77.1734,38.6306,2.25,0.386,2.84
"mostly_land_remove?",3489,63,17,-76.8741,37.5369,0.56,0.39,2.94
"mostly_land_remove?",1664,30,40,-76.1093,38.6306,4.97,0.391,1.9
"mostly_land_remove?",3504,63,32,-76.3753,37.5369,0.38,0.392,4.9
"mostly_land_remove?",2853,51,53,-75.677,37.9346,1.08,0.393,1.43
"mostly_land_remove?",3303,59,55,-75.6105,37.6694,0.73,0.393,0.51
"mostly_land_remove?",585,11,25,-76.6081,39.2603,2.17,0.394,3.23
"mostly_land_remove?",1613,29,45,-75.943,38.6637,0.95,0.394,2.92
"mostly_land_remove?",3931,71,11,-77.0736,37.2717,2.43,0.397,5.4
"mostly_land_remove?",4108,74,20,-76.7743,37.1723,4.76,0.398,4.74
"mostly_land_remove?",1434,26,34,-76.3088,38.7631,1.81,0.4,2.02
"mostly_land_remove?",3661,66,21,-76.7411,37.4374,4.6,0.402,2.93
"mostly_land_remove?",3775,68,23,-76.6746,37.3711,3.91,0.403,2.52
"mostly_land_remove?",3881,70,17,-76.8741,37.3049,1.45,0.403,1.82
"mostly_land_remove?",425,8,33,-76.342,39.3597,0.33,0.404,1.83
"mostly_land_remove?",1378,25,34,-76.3088,38.7963,4.43,0.404,2.5
"mostly_land_remove?",2108,38,36,-76.2423,38.3654,0.68,0.404,0.77
"mostly_land_remove?",2626,47,50,-75.7767,38.0671,0.62,0.408,1.23
"mostly_land_remove?",372,7,36,-76.2423,39.3929,2.32,0.409,2.06
"mostly_land_remove?",2485,45,21,-76.7411,38.1334,1.82,0.409,2.23
"mostly_land_remove?",4576,82,40,-76.1093,36.9071,5.46,0.41,3.74
"mostly_land_remove?",1154,21,34,-76.3088,38.9289,1.52,0.411,1.92
"mostly_land_remove?",3192,57,56,-75.5772,37.7357,0.35,0.411,0.86
"mostly_land_remove?",1916,35,12,-77.0404,38.4649,0.04,0.415,2.11
"mostly_land_remove?",2115,38,43,-76.0095,38.3654,0.53,0.416,1.2
"mostly_land_remove?",1743,32,7,-77.2067,38.5643,0.94,0.422,3.18
"mostly_land_remove?",3335,60,31,-76.4086,37.6363,11.68,0.423,11.7
"mostly_land_remove?",3470,62,54,-75.6437,37.57,0.17,0.423,0.51
"mostly_land_remove?",4189,75,45,-75.943,37.1391,0.05,0.423,0.72
"mostly_land_remove?",156,3,44,-75.9762,39.5254,1.87,0.426,2.11
"mostly_land_remove?",97,2,41,-76.076,39.5586,4.13,0.427,5.2
"mostly_land_remove?",4019,72,43,-76.0095,37.2386,1.92,0.427,1.95
"mostly_land_remove?",4111,74,23,-76.6746,37.1723,3.26,0.427,2.1
"mostly_land_remove?",2426,44,18,-76.8409,38.1666,5.85,0.428,5.42
"mostly_land_remove?",3869,70,5,-77.2732,37.3049,1.49,0.429,2.13
"mostly_land_remove?",3048,55,24,-76.6413,37.802,1.75,0.43,1.31
"mostly_land_remove?",3076,55,52,-75.7102,37.802,0.99,0.43,0.99
"mostly_land_remove?",2082,38,10,-77.1069,38.3654,2.12,0.432,3.23
"mostly_land_remove?",3946,71,26,-76.5748,37.2717,6.25,0.432,5.85
"mostly_land_remove?",4394,79,26,-76.5748,37.0066,1.51,0.432,1.43
"mostly_land_remove?",3526,63,54,-75.6437,37.5369,0.57,0.434,0.64
"mostly_land_remove?",591,11,31,-76.4086,39.2603,1.62,0.436,2.55
"mostly_land_remove?",1970,36,10,-77.1069,38.4317,0.2,0.436,1.22
"mostly_land_remove?",3842,69,34,-76.3088,37.338,1.57,0.436,1.47
"mostly_land_remove?",2488,45,24,-76.6413,38.1334,0.7,0.437,2.8
"mostly_land_remove?",2116,38,44,-75.9762,38.3654,0.91,0.443,1.27
"mostly_land_remove?",2486,45,22,-76.7078,38.1334,0.27,0.444,2.12
"mostly_land_remove?",3684,66,44,-75.9762,37.4374,3.11,0.444,2.63
"mostly_land_remove?",4050,73,18,-76.8409,37.2054,4.84,0.444,4.56
"mostly_land_remove?",1148,21,28,-76.5083,38.9289,1.01,0.446,3.28
"mostly_land_remove?",1522,28,10,-77.1069,38.6969,2.01,0.447,4.31
"mostly_land_remove?",3990,72,14,-76.9739,37.2386,3.68,0.447,5.44
"mostly_land_remove?",1871,34,23,-76.6746,38.498,0.08,0.451,0.31
"mostly_land_remove?",2731,49,43,-76.0095,38.0009,0.28,0.453,0.58
"mostly_land_remove?",2262,41,22,-76.7078,38.266,0.76,0.454,3.3
"mostly_land_remove?",3281,59,33,-76.342,37.6694,0.08,0.454,1.73
"mostly_land_remove?",4053,73,21,-76.7411,37.2054,1.28,0.454,2.09
"mostly_land_remove?",2399,43,47,-75.8765,38.1997,2.6,0.455,2.18
"mostly_land_remove?",3430,62,14,-76.9739,37.57,0.61,0.455,1.81
"mostly_land_remove?",1438,26,38,-76.1758,38.7631,2.12,0.459,2.98
"mostly_land_remove?",369,7,33,-76.342,39.3929,0.37,0.461,1.34
"mostly_land_remove?",1778,32,42,-76.0428,38.5643,4.34,0.461,4.48
"mostly_land_remove?",2797,50,53,-75.677,37.9677,1.65,0.462,1.58
"mostly_land_remove?",986,18,34,-76.3088,39.0283,2.04,0.463,2.66
"mostly_land_remove?",2509,45,45,-75.943,38.1334,0.93,0.463,0.93
"mostly_land_remove?",3911,70,47,-75.8765,37.3049,0.09,0.463,0.09
"mostly_land_remove?",374,7,38,-76.1758,39.3929,1.25,0.464,1.83
"mostly_land_remove?",3895,70,31,-76.4086,37.3049,1.21,0.464,2.89
"mostly_land_remove?",1882,34,34,-76.3088,38.498,3.19,0.465,2.52
"mostly_land_remove?",2568,46,48,-75.8432,38.1003,1.18,0.467,1.14
"mostly_land_remove?",2090,38,18,-76.8409,38.3654,0.72,0.468,1.74
"mostly_land_remove?",2134,39,6,-77.2399,38.3323,4.02,0.468,4.24
"mostly_land_remove?",3219,58,27,-76.5416,37.7026,2.64,0.468,6.66
"mostly_land_remove?",1491,27,35,-76.2755,38.73,0.1,0.469,1.98
"mostly_land_remove?",2001,36,41,-76.076,38.4317,0.05,0.47,0.07
"mostly_land_remove?",4233,76,33,-76.342,37.106,0.33,0.472,1.67
"mostly_land_remove?",3221,58,29,-76.4751,37.7026,4.05,0.473,3.84
"mostly_land_remove?",3406,61,46,-75.9097,37.6031,1.35,0.474,1.31
"mostly_land_remove?",4004,72,28,-76.5083,37.2386,8.51,0.474,11.47
"mostly_land_remove?",159,3,47,-75.8765,39.5254,0.25,0.475,2.86
"mostly_land_remove?",1719,31,39,-76.1425,38.5974,3.32,0.476,4.76
"mostly_land_remove?",2226,40,42,-76.0428,38.2991,1.59,0.478,1.72
"mostly_land_remove?",2489,45,25,-76.6081,38.1334,4.29,0.478,3.55
"mostly_land_remove?",2064,37,48,-75.8432,38.3986,1.42,0.48,3.14
"mostly_land_remove?",3359,60,55,-75.6105,37.6363,0.6,0.481,1.14
"mostly_land_remove?",2798,50,54,-75.6437,37.9677,0.7,0.484,1.32
"mostly_land_remove?",2787,50,43,-76.0095,37.9677,0.39,0.485,0.6
"mostly_land_remove?",4119,74,31,-76.4086,37.1723,0.99,0.485,1.89
"mostly_land_remove?",2848,51,48,-75.8432,37.9346,0.55,0.486,1.26
"mostly_land_remove?",4861,87,45,-75.943,36.7414,4.11,0.486,7.06
"mostly_land_remove?",280,5,56,-75.5772,39.4591,0.14,0.488,1.62
"mostly_land_remove?",3580,64,52,-75.7102,37.5037,0.63,0.488,1.2
"mostly_land_remove?",1046,19,38,-76.1758,38.9951,6.89,0.489,5.71
"mostly_land_remove?",214,4,46,-75.9097,39.4923,0.5,0.49,2.74
"mostly_land_remove?",1724,31,44,-75.9762,38.5974,3.05,0.491,3.42
"mostly_land_remove?",2965,53,53,-75.677,37.8683,0.94,0.494,0.96
"mostly_land_remove?",3002,54,34,-76.3088,37.8351,2.64,0.494,3.42
"mostly_land_remove?",3874,70,10,-77.1069,37.3049,3.89,0.495,3.83
"mostly_land_remove?",1815,33,23,-76.6746,38.5311,0.03,0.496,0.29
"mostly_water_add?",757,14,29,-76.4751,39.1609,NA,0.578,3.4
"mostly_water_add?",3994,72,18,-76.8409,37.2386,NA,0.548,3.18
"mostly_water_add?",40,1,40,-76.1093,39.5917,NA,0.527,4.82
"mostly_water_add?",3799,68,47,-75.8765,37.3711,NA,0.507,0.09
